{"cameraMode":{"drawMode":0,"name":"Shaded","section":"Shading Mode"},"sceneLighting":true,"audioPlay":false,"sceneViewState":{"showFog":true,"showMaterialUpdate":false,"showSkybox":true,"showFlares":true,"showImageEffects":true,"showParticleSystems":true,"showVisualEffectGraphs":true,"m_FxEnabled":true},"in2DMode":false,"pivot":{"x":0.7682991027832031,"y":0.1033867597579956,"z":-0.3130989074707031},"rotation":{"x":-0.10111168026924133,"y":0.8489419221878052,"z":-0.17590144276618958,"w":-0.48798903822898867},"size":4.9066572189331059,"orthographic":false}